Washington Berry Juice,Pure Juice Beverages
Washington Mango Drink,Drinks
Washington Strawberry Drink,Drinks
Washington Cream Soda,Carbonated Beverages
Washington Diet Soda,Carbonated Beverages
Washington Cola,Carbonated Beverages
Washington Diet Cola,Carbonated Beverages
Washington Orange Juice,Pure Juice Beverages
Washington Cranberry Juice,Pure Juice Beverages
Washington Apple Juice,Pure Juice Beverages
Washington Apple Drink,Drinks
Jeffers Oatmeal,Breakfast Foods
Jeffers Corn Puffs,Breakfast Foods
Jeffers Wheat Puffs,Breakfast Foods
Jeffers Grits,Breakfast Foods
Blue Label Canned Beets,Vegetables
Blue Label Creamed Corn,Vegetables
Blue Label Canned String Beans,Vegetables
Blue Label Chicken Soup,Canned Soup
Blue Label Canned Yams,Vegetables
Blue Label Vegetable Soup,Canned Soup
Blue Label Canned Tomatos,Vegetables
Blue Label Noodle Soup,Canned Soup
Blue Label Regular Ramen Soup,Canned Soup
Blue Label Chicken Noodle Soup,Canned Soup
Blue Label Turkey Noodle Soup,Canned Soup
Blue Label Beef Soup,Canned Soup
Blue Label Canned Peas,Vegetables
Blue Label Chicken Ramen Soup,Canned Soup
Blue Label Canned Tuna in Water,Canned Tuna
Blue Label Canned Tuna in Oil,Canned Tuna
Blue Label Large Canned Shrimp,Canned Shrimp
Blue Label Fancy Canned Anchovies,Canned Anchovies
Blue Label Fancy Canned Clams,Canned Clams
Blue Label Fancy Canned Oysters,Canned Oysters
Blue Label Fancy Canned Sardines,Canned Sardines
Blue Label Rice Soup,Canned Soup
Green Ribbon Canned Mixed Fruit,Fruit
Green Ribbon Canned Peaches,Fruit
King Rosy Sunglasses,Specialty
Queen Eyeglass Screwdriver,Hardware
Queen City Map,Miscellaneous
Club Low Fat Cottage Cheese,Dairy
Club Low Fat Sour Cream,Dairy
Club Sour Cream,Dairy
Club Jack Cheese,Dairy
Club Muenster Cheese,Dairy
Club String Cheese,Dairy
Club Low Fat String Cheese,Dairy
Club Havarti Cheese,Dairy
Club Head Cheese,Dairy
Club Cheese Spread,Dairy
Club Sharp Cheddar Cheese,Dairy
Club Mild Cheddar Cheese,Dairy
Club Large Curd Cottage Cheese,Dairy
Club 2% Milk,Dairy
Club Buttermilk,Dairy
Club Chocolate Milk,Dairy
Club 1% Milk,Dairy
Club Whole Milk,Dairy
Club Strawberry Yogurt,Dairy
Club Blueberry Yogurt,Dairy
Red Spade Chicken Hot Dogs,Meat
Red Spade Pimento Loaf,Meat
Red Spade Beef Bologna,Meat
Red Spade Low Fat Bologna,Meat
Red Spade Turkey Hot Dogs,Meat
Red Spade Foot-Long Hot Dogs,Meat
Red Spade Low Fat Cole Slaw,Side Dishes
Red Spade Cole Slaw,Side Dishes
Red Spade Roasted Chicken,Meat
Red Spade Corned Beef,Meat
Red Spade Sliced Turkey,Meat
Red Spade Sliced Ham,Meat
Red Spade Potato Salad,Side Dishes
Red Spade Sliced Chicken,Meat
Blue Medal Small Brown Eggs,Eggs
Blue Medal Large Brown Eggs,Eggs
Blue Medal Small Eggs,Eggs
Blue Medal Large Eggs,Eggs
Blue Medal Egg Substitute,Eggs
Golden Low Fat Waffles,Breakfast Foods
Golden Orange Popsicles,Frozen Desserts
Golden Frozen Chicken Breast,Meat
Golden Frozen Pancakes,Breakfast Foods
Golden Low Fat French Fries,Vegetables
Golden Frozen Sausage Pizza,Pizza
Golden Blueberry Waffles,Breakfast Foods
Golden Fajita French Fries,Vegetables
Golden Waffles,Breakfast Foods
Golden Frozen Pepperoni Pizza,Pizza
Golden Frozen Cheese Pizza,Pizza
Golden Frozen Mushroom Pizza,Pizza
Golden Apple Cinnamon Waffles,Breakfast Foods
Golden Frozen Carrots,Vegetables
Golden Turkey TV Dinner,Frozen Entrees
Golden Chicken TV Dinner,Frozen Entrees
Golden Beef TV Dinner,Frozen Entrees
Golden Pancake Mix,Breakfast Foods
Golden Grape Popsicles,Frozen Desserts
Golden Home Style French Fries,Vegetables
Golden Lime Popsicles,Frozen Desserts
Golden Ice Cream,Frozen Desserts
Golden Ice Cream Sandwich,Frozen Desserts
Golden Frozen Cauliflower,Vegetables
Golden Frozen Broccoli,Vegetables
Golden Frozen Corn,Vegetables
Golden Frozen Peas,Vegetables
Golden Popsicles,Frozen Desserts
Golden Frozen Chicken Thighs,Meat
Golden Frozen Chicken Wings,Meat
Golden Lemon Popsicles,Frozen Desserts
Faux Products Silky Smooth Hair Conditioner,Bathroom Products
Faux Products Tartar Control Toothpaste,Hygiene
Faux Products Whitening Toothpast,Hygiene
Faux Products Toothpaste,Hygiene
Faux Products Deodorant,Hygiene
Faux Products Conditioning Shampoo,Bathroom Products
Faux Products Extra Moisture Shampoo,Bathroom Products
Faux Products Angled Toothbrush,Bathroom Products
Faux Products Apricot Shampoo,Bathroom Products
Faux Products Childrens Aspirin,Pain Relievers
Faux Products Buffered Aspirin,Pain Relievers
Faux Products 200 MG Ibuprofen,Pain Relievers
Faux Products 200 MG Acetominifen,Pain Relievers
Faux Products HCL Nasal Spray,Decongestants
Faux Products Dishwasher Detergent,Decongestants
Faux Products Multi-Symptom Cold Remedy,Cold Remedies
Faux Products Childrens Cold Remedy,Cold Remedies
Faux Products Laundry Detergent,Bathroom Products
Faux Products Mint Mouthwash,Bathroom Products
Denny 60 Watt Lightbulb,Electrical
Denny Plastic Forks,Plastic Products
Denny Plastic Spoons,Plastic Products
Denny Plastic Knives,Plastic Products
Denny C-Size Batteries,Electrical
Denny 100 Watt Lightbulb,Electrical
Denny AAA-Size Batteries,Electrical
Denny Paper Plates,Paper Products
Denny Paper Cups,Paper Products
Denny 75 Watt Lightbulb,Electrical
Denny Toilet Bowl Cleaner,Cleaning Supplies
Denny Counter Cleaner,Cleaning Supplies
Denny Glass Cleaner,Cleaning Supplies
Denny 25 Watt Lightbulb,Electrical
Denny AA-Size Batteries,Electrical
Denny D-Size Batteries,Electrical
Denny Paper Towels,Paper Products
Denny Soft Napkins,Paper Products
Denny Scented Tissue,Paper Products
Denny Toilet Paper,Paper Products
Denny Tissues,Paper Products
Denny Scented Toilet Tissue,Paper Products
Denny Room Freshener,Cleaning Supplies
Denny Frying Pan,Kitchen Products
Denny Copper Cleaner,Kitchen Products
Denny Bees Wax Candles,Candles
Denny Silver Cleaner,Kitchen Products
Denny Copper Pot Scrubber,Kitchen Products
Denny Economy Toilet Brush,Bathroom Products
Denny Scissors,Hardware
Denny Large Sponge,Kitchen Products
Denny Screw Driver,Hardware
Ship Shape Extra Lean Hamburger,Meat
Ship Shape Seasoned Hamburger,Meat
Robust Monthly Sports Magazine,Magazines
Robust Monthly Auto Magazine,Magazines
Robust Monthly Computer Magazine,Magazines
Robust Monthly Home Magazine,Magazines
Robust Monthly Fashion Magazine,Magazines
High Top Summer Squash,Vegetables
High Top Corn on the Cob,Vegetables
High Top Asparagus,Vegetables
High Top Sweet Peas,Vegetables
High Top New Potatos,Vegetables
High Top Beets,Vegetables
High Top Prepared Salad,Vegetables
High Top Onions,Vegetables
High Top Green Pepper,Vegetables
High Top Shitake Mushrooms,Vegetables
High Top Lettuce,Vegetables
High Top Elephant Garlic,Vegetables
High Top Red Pepper,Vegetables
High Top Garlic,Vegetables
High Top Potatos,Vegetables
High Top Cauliflower,Vegetables
High Top Tomatos,Vegetables
High Top Mushrooms,Vegetables
High Top Baby Onion,Vegetables
High Top Dried Mushrooms,Vegetables
High Top Fresh Lima Beans,Vegetables
High Top Squash,Vegetables
High Top Limes,Fruit
High Top Firm Tofu,Packaged Vegetables
High Top Almonds,Specialty
High Top Macintosh Apples,Fruit
High Top Golden Delcious Apples,Fruit
High Top Red Delcious Apples,Fruit
High Top Lemons,Fruit
High Top Fancy Plums,Fruit
High Top Plums,Fruit
High Top Peaches,Fruit
High Top Broccoli,Vegetables
High Top Mandarin Oranges,Fruit
High Top Mixed Nuts,Specialty
High Top Canned Peanuts,Specialty
High Top Sweet Onion,Vegetables
High Top Cantelope,Fruit
High Top Honey Dew,Fruit
High Top Fuji Apples,Fruit
High Top Walnuts,Specialty
High Top Oranges,Fruit
High Top Tangerines,Fruit
High Top Party Nuts,Specialty
Tip Top Lox,Seafood
Tip Top Scallops,Seafood
Best Choice Low Fat Cookies,Snack Foods
Best Choice BBQ Potato Chips,Snack Foods
Best Choice Corn Chips,Snack Foods
Best Choice Low Fat BBQ Chips,Snack Foods
Best Choice Sugar Cookies,Snack Foods
Best Choice Chocolate Chip Cookies,Snack Foods
Best Choice Fudge Cookies,Snack Foods
Best Choice Fudge Brownies,Snack Foods
Best Choice Potato Chips,Snack Foods
Best Choice Lemon Cookies,Snack Foods
Best Choice Graham Crackers,Snack Foods
Best Choice Cheese Crackers,Snack Foods
Best Choice Buttered Popcorn,Snack Foods
Best Choice No Salt Popcorn,Snack Foods
Best Choice Low Fat Popcorn,Snack Foods
Best Choice Salsa Dip,Snack Foods
Best Choice Avocado Dip,Snack Foods
Best Choice Salted Pretzels,Snack Foods
Best Choice Cheese Dip,Snack Foods
Best Choice Fondue Mix,Snack Foods
Best Choice Mini Donuts,Snack Foods
Best Choice Beef Jerky,Snack Foods
Best Choice Chocolate Donuts,Snack Foods
Best Choice Low Fat Chips,Snack Foods
Best Choice Sesame Crackers,Snack Foods
Best Choice Frosted Cookies,Snack Foods
Best Choice Dried Apples,Snack Foods
Best Choice Apple Fruit Roll,Snack Foods
Best Choice Strawberry Fruit Roll,Snack Foods
Best Choice Raspberry Fruit Roll,Snack Foods
Best Choice Grape Fruit Roll,Snack Foods
Best Choice Dried Dates,Snack Foods
Best Choice Raisins,Snack Foods
Best Choice Golden Raisins,Snack Foods
Best Choice Dried Apricots,Snack Foods
Best Choice Frosted Donuts,Snack Foods
Choice Tasty Candy Bar,Candy
Choice Mint Chocolate Bar,Candy
Choice Malted Milk Balls,Candy
Choice Semi-Sweet Chocolate Bar,Candy
Choice Bubble Gum,Candy
Choice Spicy Mints,Candy
Choice Mints,Candy
Choice White Chocolate Bar,Candy
Medalist Ravioli,Starchy Foods
Medalist Manicotti,Starchy Foods
Medalist Spaghetti,Starchy Foods
Medalist Thai Rice,Starchy Foods
Medalist Rice Medly,Starchy Foods
Good Imported Beer,Beer and Wine
Good Light Wine,Beer and Wine
Good Chardonnay Wine,Beer and Wine
Good Chablis Wine,Beer and Wine
Good Merlot Wine,Beer and Wine
Good Chardonnay,Beer and Wine
Good White Zinfandel Wine,Beer and Wine
Good Light Beer,Beer and Wine
Great Pumpernickel Bread,Bread
Great White Bread,Bread
Great Rye Bread,Bread
Great English Muffins,Bread
Great Cranberry Muffins,Bread
Great Muffins,Bread
Great Bagels,Bread
Great Blueberry Muffins,Bread
Great Wheat Bread,Bread
Super Sesame Oil,Baking Goods
Super Chunky Peanut Butter,Jams and Jellies
Super Hot Chocolate,Hot Beverages
Super Brown Sugar,Baking Goods
Super White Sugar,Baking Goods
Super French Roast Coffee,Hot Beverages
Super Decaf Coffee,Hot Beverages
Super Regular Coffee,Hot Beverages
Super Vegetable Oil,Baking Goods
Super Corn Oil,Baking Goods
Super Tomato Sauce,Baking Goods
Super Canola Oil,Baking Goods
Super Grape Preserves,Jams and Jellies
Super Columbian Coffee,Hot Beverages
Super Strawberry Jelly,Jams and Jellies
Super Pepper,Baking Goods
Super Low Fat Apple Butter,Jams and Jellies
Super Salt,Baking Goods
Super Apple Butter,Jams and Jellies
Super Oregano,Baking Goods
Super Apple Jelly,Jams and Jellies
Super Grape Jam,Jams and Jellies
Super Apple Jam,Jams and Jellies
Super Strawberry Jam,Jams and Jellies
Super Creamy Peanut Butter,Jams and Jellies
Super Strawberry Preserves,Jams and Jellies
Super Extra Chunky Peanut Butter,Jams and Jellies
Super Apple Preserves,Jams and Jellies
Super Grape Jelly,Jams and Jellies
Excellent Berry Juice,Pure Juice Beverages
Excellent Mango Drink,Drinks
Excellent Strawberry Drink,Drinks
Excellent Cream Soda,Carbonated Beverages
Excellent Diet Soda,Carbonated Beverages
Excellent Cola,Carbonated Beverages
Excellent Diet Cola,Carbonated Beverages
Excellent Orange Juice,Pure Juice Beverages
Excellent Cranberry Juice,Pure Juice Beverages
Excellent Apple Juice,Pure Juice Beverages
Excellent Apple Drink,Drinks
Best Oatmeal,Breakfast Foods
Best Corn Puffs,Breakfast Foods
Best Wheat Puffs,Breakfast Foods
Best Grits,Breakfast Foods
Better Canned Beets,Vegetables
Better Creamed Corn,Vegetables
Better Canned String Beans,Vegetables
Better Chicken Soup,Canned Soup
Better Canned Yams,Vegetables
Better Vegetable Soup,Canned Soup
Better Canned Tomatos,Vegetables
Better Noodle Soup,Canned Soup
Better Regular Ramen Soup,Canned Soup
Better Chicken Noodle Soup,Canned Soup
Better Turkey Noodle Soup,Canned Soup
Better Beef Soup,Canned Soup
Better Canned Peas,Vegetables
Better Chicken Ramen Soup,Canned Soup
Better Canned Tuna in Water,Canned Tuna
Better Canned Tuna in Oil,Canned Tuna
Better Large Canned Shrimp,Canned Shrimp
Better Fancy Canned Anchovies,Canned Anchovies
Better Fancy Canned Clams,Canned Clams
Better Fancy Canned Oysters,Canned Oysters
Better Fancy Canned Sardines,Canned Sardines
Better Rice Soup,Canned Soup
Swell Canned Mixed Fruit,Fruit
Swell Canned Peaches,Fruit
ADJ Rosy Sunglasses,Specialty
Black Tie Eyeglass Screwdriver,Hardware
Black Tie City Map,Miscellaneous
Carlson Low Fat Cottage Cheese,Dairy
Carlson Low Fat Sour Cream,Dairy
Carlson Sour Cream,Dairy
Carlson Jack Cheese,Dairy
Carlson Muenster Cheese,Dairy
Carlson String Cheese,Dairy
Carlson Low Fat String Cheese,Dairy
Carlson Havarti Cheese,Dairy
Carlson Head Cheese,Dairy
Carlson Cheese Spread,Dairy
Carlson Sharp Cheddar Cheese,Dairy
Carlson Mild Cheddar Cheese,Dairy
Carlson Large Curd Cottage Cheese,Dairy
Carlson 2% Milk,Dairy
Carlson Buttermilk,Dairy
Carlson Chocolate Milk,Dairy
Carlson 1% Milk,Dairy
Carlson Whole Milk,Dairy
Carlson Strawberry Yogurt,Dairy
Carlson Blueberry Yogurt,Dairy
Moms Chicken Hot Dogs,Meat
Moms Pimento Loaf,Meat
Moms Beef Bologna,Meat
Moms Low Fat Bologna,Meat
Moms Turkey Hot Dogs,Meat
Moms Foot-Long Hot Dogs,Meat
Moms Low Fat Cole Slaw,Side Dishes
Moms Cole Slaw,Side Dishes
Moms Roasted Chicken,Meat
Moms Corned Beef,Meat
Moms Sliced Turkey,Meat
Moms Sliced Ham,Meat
Moms Potato Salad,Side Dishes
Moms Sliced Chicken,Meat
Urban Small Brown Eggs,Eggs
Urban Large Brown Eggs,Eggs
Urban Small Eggs,Eggs
Urban Large Eggs,Eggs
Urban Egg Substitute,Eggs
Big Time Low Fat Waffles,Breakfast Foods
Big Time Orange Popsicles,Frozen Desserts
Big Time Frozen Chicken Breast,Meat
Big Time Frozen Pancakes,Breakfast Foods
Big Time Low Fat French Fries,Vegetables
Big Time Frozen Sausage Pizza,Pizza
Big Time Blueberry Waffles,Breakfast Foods
Big Time Fajita French Fries,Vegetables
Big Time Waffles,Breakfast Foods
Big Time Frozen Pepperoni Pizza,Pizza
Big Time Frozen Cheese Pizza,Pizza
Big Time Frozen Mushroom Pizza,Pizza
Big Time Apple Cinnamon Waffles,Breakfast Foods
Big Time Frozen Carrots,Vegetables
Big Time Turkey TV Dinner,Frozen Entrees
Big Time Chicken TV Dinner,Frozen Entrees
Big Time Beef TV Dinner,Frozen Entrees
Big Time Pancake Mix,Breakfast Foods
Big Time Grape Popsicles,Frozen Desserts
Big Time Home Style French Fries,Vegetables
Big Time Lime Popsicles,Frozen Desserts
Big Time Ice Cream,Frozen Desserts
Big Time Ice Cream Sandwich,Frozen Desserts
Big Time Frozen Cauliflower,Vegetables
Big Time Frozen Broccoli,Vegetables
Big Time Frozen Corn,Vegetables
Big Time Frozen Peas,Vegetables
Big Time Popsicles,Frozen Desserts
Big Time Frozen Chicken Thighs,Meat
Big Time Frozen Chicken Wings,Meat
Big Time Lemon Popsicles,Frozen Desserts
Steady Silky Smooth Hair Conditioner,Bathroom Products
Steady Tartar Control Toothpaste,Hygiene
Steady Whitening Toothpast,Hygiene
Steady Toothpaste,Hygiene
Steady Deodorant,Hygiene
Steady Conditioning Shampoo,Bathroom Products
Steady Extra Moisture Shampoo,Bathroom Products
Steady Angled Toothbrush,Bathroom Products
Steady Apricot Shampoo,Bathroom Products
Steady Childrens Aspirin,Pain Relievers
Steady Buffered Aspirin,Pain Relievers
Steady 200 MG Ibuprofen,Pain Relievers
Steady 200 MG Acetominifen,Pain Relievers
Steady HCL Nasal Spray,Decongestants
Steady Dishwasher Detergent,Decongestants
Steady Multi-Symptom Cold Remedy,Cold Remedies
Steady Childrens Cold Remedy,Cold Remedies
Steady Laundry Detergent,Bathroom Products
Steady Mint Mouthwash,Bathroom Products
Red Wing 60 Watt Lightbulb,Electrical
Red Wing Plastic Forks,Plastic Products
Red Wing Plastic Spoons,Plastic Products
Red Wing Plastic Knives,Plastic Products
Red Wing C-Size Batteries,Electrical
Red Wing 100 Watt Lightbulb,Electrical
Red Wing AAA-Size Batteries,Electrical
Red Wing Paper Plates,Paper Products
Red Wing Paper Cups,Paper Products
Red Wing 75 Watt Lightbulb,Electrical
Red Wing Toilet Bowl Cleaner,Cleaning Supplies
Red Wing Counter Cleaner,Cleaning Supplies
Red Wing Glass Cleaner,Cleaning Supplies
Red Wing 25 Watt Lightbulb,Electrical
Red Wing AA-Size Batteries,Electrical
Red Wing D-Size Batteries,Electrical
Red Wing Paper Towels,Paper Products
Red Wing Soft Napkins,Paper Products
Red Wing Scented Tissue,Paper Products
Red Wing Toilet Paper,Paper Products
Red Wing Tissues,Paper Products
Red Wing Scented Toilet Tissue,Paper Products
Red Wing Room Freshener,Cleaning Supplies
Red Wing Frying Pan,Kitchen Products
Red Wing Copper Cleaner,Kitchen Products
Red Wing Bees Wax Candles,Candles
Red Wing Silver Cleaner,Kitchen Products
Red Wing Copper Pot Scrubber,Kitchen Products
Red Wing Economy Toilet Brush,Bathroom Products
Red Wing Scissors,Hardware
Red Wing Large Sponge,Kitchen Products
Red Wing Screw Driver,Hardware
Quick Extra Lean Hamburger,Meat
Quick Seasoned Hamburger,Meat
Dollar Monthly Sports Magazine,Magazines
Dollar Monthly Auto Magazine,Magazines
Dollar Monthly Computer Magazine,Magazines
Dollar Monthly Home Magazine,Magazines
Dollar Monthly Fashion Magazine,Magazines
Tell Tale Summer Squash,Vegetables
Tell Tale Corn on the Cob,Vegetables
Tell Tale Asparagus,Vegetables
Tell Tale Sweet Peas,Vegetables
Tell Tale New Potatos,Vegetables
Tell Tale Beets,Vegetables
Tell Tale Prepared Salad,Vegetables
Tell Tale Onions,Vegetables
Tell Tale Green Pepper,Vegetables
Tell Tale Shitake Mushrooms,Vegetables
Tell Tale Lettuce,Vegetables
Tell Tale Elephant Garlic,Vegetables
Tell Tale Red Pepper,Vegetables
Tell Tale Garlic,Vegetables
Tell Tale Potatos,Vegetables
Tell Tale Cauliflower,Vegetables
Tell Tale Tomatos,Vegetables
Tell Tale Mushrooms,Vegetables
Tell Tale Baby Onion,Vegetables
Tell Tale Dried Mushrooms,Vegetables
Tell Tale Fresh Lima Beans,Vegetables
Tell Tale Squash,Vegetables
Tell Tale Limes,Fruit
Tell Tale Firm Tofu,Packaged Vegetables
Tell Tale Almonds,Specialty
Tell Tale Macintosh Apples,Fruit
Tell Tale Golden Delcious Apples,Fruit
Tell Tale Red Delcious Apples,Fruit
Tell Tale Lemons,Fruit
Tell Tale Fancy Plums,Fruit
Tell Tale Plums,Fruit
Tell Tale Peaches,Fruit
Tell Tale Broccoli,Vegetables
Tell Tale Mandarin Oranges,Fruit
Tell Tale Mixed Nuts,Specialty
Tell Tale Canned Peanuts,Specialty
Tell Tale Sweet Onion,Vegetables
Tell Tale Cantelope,Fruit
Tell Tale Honey Dew,Fruit
Tell Tale Fuji Apples,Fruit
Tell Tale Walnuts,Specialty
Tell Tale Oranges,Fruit
Tell Tale Tangerines,Fruit
Tell Tale Party Nuts,Specialty
Kiwi Lox,Seafood
Kiwi Scallops,Seafood
Fast Low Fat Cookies,Snack Foods
Fast BBQ Potato Chips,Snack Foods
Fast Corn Chips,Snack Foods
Fast Low Fat BBQ Chips,Snack Foods
Fast Sugar Cookies,Snack Foods
Fast Chocolate Chip Cookies,Snack Foods
Fast Fudge Cookies,Snack Foods
Fast Fudge Brownies,Snack Foods
Fast Potato Chips,Snack Foods
Fast Lemon Cookies,Snack Foods
Fast Graham Crackers,Snack Foods
Fast Cheese Crackers,Snack Foods
Fast Buttered Popcorn,Snack Foods
Fast No Salt Popcorn,Snack Foods
Fast Low Fat Popcorn,Snack Foods
Fast Salsa Dip,Snack Foods
Fast Avocado Dip,Snack Foods
Fast Salted Pretzels,Snack Foods
Fast Cheese Dip,Snack Foods
Fast Fondue Mix,Snack Foods
Fast Mini Donuts,Snack Foods
Fast Beef Jerky,Snack Foods
Fast Chocolate Donuts,Snack Foods
Fast Low Fat Chips,Snack Foods
Fast Sesame Crackers,Snack Foods
Fast Frosted Cookies,Snack Foods
Fast Dried Apples,Snack Foods
Fast Apple Fruit Roll,Snack Foods
Fast Strawberry Fruit Roll,Snack Foods
Fast Raspberry Fruit Roll,Snack Foods
Fast Grape Fruit Roll,Snack Foods
Fast Dried Dates,Snack Foods
Fast Raisins,Snack Foods
Fast Golden Raisins,Snack Foods
Fast Dried Apricots,Snack Foods
Fast Frosted Donuts,Snack Foods
Atomic Tasty Candy Bar,Candy
Atomic Mint Chocolate Bar,Candy
Atomic Malted Milk Balls,Candy
Atomic Semi-Sweet Chocolate Bar,Candy
Atomic Bubble Gum,Candy
Atomic Spicy Mints,Candy
Atomic Mints,Candy
Atomic White Chocolate Bar,Candy
Shady Lake Ravioli,Starchy Foods
Shady Lake Manicotti,Starchy Foods
Shady Lake Spaghetti,Starchy Foods
Shady Lake Thai Rice,Starchy Foods
Shady Lake Rice Medly,Starchy Foods
Walrus Imported Beer,Beer and Wine
Walrus Light Wine,Beer and Wine
Walrus Chardonnay Wine,Beer and Wine
Walrus Chablis Wine,Beer and Wine
Walrus Merlot Wine,Beer and Wine
Walrus Chardonnay,Beer and Wine
Walrus White Zinfandel Wine,Beer and Wine
Walrus Light Beer,Beer and Wine
Colony Pumpernickel Bread,Bread
Colony White Bread,Bread
Colony Rye Bread,Bread
Colony English Muffins,Bread
Colony Cranberry Muffins,Bread
Colony Muffins,Bread
Colony Bagels,Bread
Colony Blueberry Muffins,Bread
Colony Wheat Bread,Bread
Landslide Sesame Oil,Baking Goods
Landslide Chunky Peanut Butter,Jams and Jellies
Landslide Hot Chocolate,Hot Beverages
Landslide Brown Sugar,Baking Goods
Landslide White Sugar,Baking Goods
Landslide French Roast Coffee,Hot Beverages
Landslide Decaf Coffee,Hot Beverages
Landslide Regular Coffee,Hot Beverages
Landslide Vegetable Oil,Baking Goods
Landslide Corn Oil,Baking Goods
Landslide Tomato Sauce,Baking Goods
Landslide Canola Oil,Baking Goods
Landslide Grape Preserves,Jams and Jellies
Landslide Columbian Coffee,Hot Beverages
Landslide Strawberry Jelly,Jams and Jellies
Landslide Pepper,Baking Goods
Landslide Low Fat Apple Butter,Jams and Jellies
Landslide Salt,Baking Goods
Landslide Apple Butter,Jams and Jellies
Landslide Oregano,Baking Goods
Landslide Apple Jelly,Jams and Jellies
Landslide Grape Jam,Jams and Jellies
Landslide Apple Jam,Jams and Jellies
Landslide Strawberry Jam,Jams and Jellies
Landslide Creamy Peanut Butter,Jams and Jellies
Landslide Strawberry Preserves,Jams and Jellies
Landslide Extra Chunky Peanut Butter,Jams and Jellies
Landslide Apple Preserves,Jams and Jellies
Landslide Grape Jelly,Jams and Jellies
Token Berry Juice,Pure Juice Beverages
Token Mango Drink,Drinks
Token Strawberry Drink,Drinks
Token Cream Soda,Carbonated Beverages
Token Diet Soda,Carbonated Beverages
Token Cola,Carbonated Beverages
Token Diet Cola,Carbonated Beverages
Token Orange Juice,Pure Juice Beverages
Token Cranberry Juice,Pure Juice Beverages
Token Apple Juice,Pure Juice Beverages
Token Apple Drink,Drinks
Radius Oatmeal,Breakfast Foods
Radius Corn Puffs,Breakfast Foods
Radius Wheat Puffs,Breakfast Foods
Radius Grits,Breakfast Foods
Bravo Canned Beets,Vegetables
Bravo Creamed Corn,Vegetables
Bravo Canned String Beans,Vegetables
Bravo Chicken Soup,Canned Soup
Bravo Canned Yams,Vegetables
Bravo Vegetable Soup,Canned Soup
Bravo Canned Tomatos,Vegetables
Bravo Noodle Soup,Canned Soup
Bravo Regular Ramen Soup,Canned Soup
Bravo Chicken Noodle Soup,Canned Soup
Bravo Turkey Noodle Soup,Canned Soup
Bravo Beef Soup,Canned Soup
Bravo Canned Peas,Vegetables
Bravo Chicken Ramen Soup,Canned Soup
Bravo Canned Tuna in Water,Canned Tuna
Bravo Canned Tuna in Oil,Canned Tuna
Bravo Large Canned Shrimp,Canned Shrimp
Bravo Fancy Canned Anchovies,Canned Anchovies
Bravo Fancy Canned Clams,Canned Clams
Bravo Fancy Canned Oysters,Canned Oysters
Bravo Fancy Canned Sardines,Canned Sardines
Bravo Rice Soup,Canned Soup
Applause Canned Mixed Fruit,Fruit
Applause Canned Peaches,Fruit
Prelude Rosy Sunglasses,Specialty
Akron Eyeglass Screwdriver,Hardware
Akron City Map,Miscellaneous
Gorilla Low Fat Cottage Cheese,Dairy
Gorilla Low Fat Sour Cream,Dairy
Gorilla Sour Cream,Dairy
Gorilla Jack Cheese,Dairy
Gorilla Muenster Cheese,Dairy
Gorilla String Cheese,Dairy
Gorilla Low Fat String Cheese,Dairy
Gorilla Havarti Cheese,Dairy
Gorilla Head Cheese,Dairy
Gorilla Cheese Spread,Dairy
Gorilla Sharp Cheddar Cheese,Dairy
Gorilla Mild Cheddar Cheese,Dairy
Gorilla Large Curd Cottage Cheese,Dairy
Gorilla 2% Milk,Dairy
Gorilla Buttermilk,Dairy
Gorilla Chocolate Milk,Dairy
Gorilla 1% Milk,Dairy
Gorilla Whole Milk,Dairy
Gorilla Strawberry Yogurt,Dairy
Gorilla Blueberry Yogurt,Dairy
Cutting Edge Chicken Hot Dogs,Meat
Cutting Edge Pimento Loaf,Meat
Cutting Edge Beef Bologna,Meat
Cutting Edge Low Fat Bologna,Meat
Cutting Edge Turkey Hot Dogs,Meat
Cutting Edge Foot-Long Hot Dogs,Meat
Cutting Edge Low Fat Cole Slaw,Side Dishes
Cutting Edge Cole Slaw,Side Dishes
Cutting Edge Roasted Chicken,Meat
Cutting Edge Corned Beef,Meat
Cutting Edge Sliced Turkey,Meat
Cutting Edge Sliced Ham,Meat
Cutting Edge Potato Salad,Side Dishes
Cutting Edge Sliced Chicken,Meat
Jumbo Small Brown Eggs,Eggs
Jumbo Large Brown Eggs,Eggs
Jumbo Small Eggs,Eggs
Jumbo Large Eggs,Eggs
Jumbo Egg Substitute,Eggs
Imagine Low Fat Waffles,Breakfast Foods
Imagine Orange Popsicles,Frozen Desserts
Imagine Frozen Chicken Breast,Meat
Imagine Frozen Pancakes,Breakfast Foods
Imagine Low Fat French Fries,Vegetables
Imagine Frozen Sausage Pizza,Pizza
Imagine Blueberry Waffles,Breakfast Foods
Imagine Fajita French Fries,Vegetables
Imagine Waffles,Breakfast Foods
Imagine Frozen Pepperoni Pizza,Pizza
Imagine Frozen Cheese Pizza,Pizza
Imagine Frozen Mushroom Pizza,Pizza
Imagine Apple Cinnamon Waffles,Breakfast Foods
Imagine Frozen Carrots,Vegetables
Imagine Turkey TV Dinner,Frozen Entrees
Imagine Chicken TV Dinner,Frozen Entrees
Imagine Beef TV Dinner,Frozen Entrees
Imagine Pancake Mix,Breakfast Foods
Imagine Grape Popsicles,Frozen Desserts
Imagine Home Style French Fries,Vegetables
Imagine Lime Popsicles,Frozen Desserts
Imagine Ice Cream,Frozen Desserts
Imagine Ice Cream Sandwich,Frozen Desserts
Imagine Frozen Cauliflower,Vegetables
Imagine Frozen Broccoli,Vegetables
Imagine Frozen Corn,Vegetables
Imagine Frozen Peas,Vegetables
Imagine Popsicles,Frozen Desserts
Imagine Frozen Chicken Thighs,Meat
Imagine Frozen Chicken Wings,Meat
Imagine Lemon Popsicles,Frozen Desserts
Consolidated Silky Smooth Hair Conditioner,Bathroom Products
Consolidated Tartar Control Toothpaste,Hygiene
Consolidated Whitening Toothpast,Hygiene
Consolidated Toothpaste,Hygiene
Consolidated Deodorant,Hygiene
Consolidated Conditioning Shampoo,Bathroom Products
Consolidated Extra Moisture Shampoo,Bathroom Products
Consolidated Angled Toothbrush,Bathroom Products
Consolidated Apricot Shampoo,Bathroom Products
Consolidated Childrens Aspirin,Pain Relievers
Consolidated Buffered Aspirin,Pain Relievers
Consolidated 200 MG Ibuprofen,Pain Relievers
Consolidated 200 MG Acetominifen,Pain Relievers
Consolidated HCL Nasal Spray,Decongestants
Consolidated Dishwasher Detergent,Decongestants
Consolidated Multi-Symptom Cold Remedy,Cold Remedies
Consolidated Childrens Cold Remedy,Cold Remedies
Consolidated Laundry Detergent,Bathroom Products
Consolidated Mint Mouthwash,Bathroom Products
Cormorant 60 Watt Lightbulb,Electrical
Cormorant Plastic Forks,Plastic Products
Cormorant Plastic Spoons,Plastic Products
Cormorant Plastic Knives,Plastic Products
Cormorant C-Size Batteries,Electrical
Cormorant 100 Watt Lightbulb,Electrical
Cormorant AAA-Size Batteries,Electrical
Cormorant Paper Plates,Paper Products
Cormorant Paper Cups,Paper Products
Cormorant 75 Watt Lightbulb,Electrical
Cormorant Toilet Bowl Cleaner,Cleaning Supplies
Cormorant Counter Cleaner,Cleaning Supplies
Cormorant Glass Cleaner,Cleaning Supplies
Cormorant 25 Watt Lightbulb,Electrical
Cormorant AA-Size Batteries,Electrical
Cormorant D-Size Batteries,Electrical
Cormorant Paper Towels,Paper Products
Cormorant Soft Napkins,Paper Products
Cormorant Scented Tissue,Paper Products
Cormorant Toilet Paper,Paper Products
Cormorant Tissues,Paper Products
Cormorant Scented Toilet Tissue,Paper Products
Cormorant Room Freshener,Cleaning Supplies
Cormorant Frying Pan,Kitchen Products
Cormorant Copper Cleaner,Kitchen Products
Cormorant Bees Wax Candles,Candles
Cormorant Silver Cleaner,Kitchen Products
Cormorant Copper Pot Scrubber,Kitchen Products
Cormorant Economy Toilet Brush,Bathroom Products
Cormorant Scissors,Hardware
Cormorant Large Sponge,Kitchen Products
Cormorant Screw Driver,Hardware
Footnote Extra Lean Hamburger,Meat
Footnote Seasoned Hamburger,Meat
Excel Monthly Sports Magazine,Magazines
Excel Monthly Auto Magazine,Magazines
Excel Monthly Computer Magazine,Magazines
Excel Monthly Home Magazine,Magazines
Excel Monthly Fashion Magazine,Magazines
Ebony Summer Squash,Vegetables
Ebony Corn on the Cob,Vegetables
Ebony Asparagus,Vegetables
Ebony Sweet Peas,Vegetables
Ebony New Potatos,Vegetables
Ebony Beets,Vegetables
Ebony Prepared Salad,Vegetables
Ebony Onions,Vegetables
Ebony Green Pepper,Vegetables
Ebony Shitake Mushrooms,Vegetables
Ebony Lettuce,Vegetables
Ebony Elephant Garlic,Vegetables
Ebony Red Pepper,Vegetables
Ebony Garlic,Vegetables
Ebony Potatos,Vegetables
Ebony Cauliflower,Vegetables
Ebony Tomatos,Vegetables
Ebony Mushrooms,Vegetables
Ebony Baby Onion,Vegetables
Ebony Dried Mushrooms,Vegetables
Ebony Fresh Lima Beans,Vegetables
Ebony Squash,Vegetables
Ebony Limes,Fruit
Ebony Firm Tofu,Packaged Vegetables
Ebony Almonds,Specialty
Ebony Macintosh Apples,Fruit
Ebony Golden Delcious Apples,Fruit
Ebony Red Delcious Apples,Fruit
Ebony Lemons,Fruit
Ebony Fancy Plums,Fruit
Ebony Plums,Fruit
Ebony Peaches,Fruit
Ebony Broccoli,Vegetables
Ebony Mandarin Oranges,Fruit
Ebony Mixed Nuts,Specialty
Ebony Canned Peanuts,Specialty
Ebony Sweet Onion,Vegetables
Ebony Cantelope,Fruit
Ebony Honey Dew,Fruit
Ebony Fuji Apples,Fruit
Ebony Walnuts,Specialty
Ebony Oranges,Fruit
Ebony Tangerines,Fruit
Ebony Party Nuts,Specialty
Curlew Lox,Seafood
Curlew Scallops,Seafood
Nationeel Low Fat Cookies,Snack Foods
Nationeel BBQ Potato Chips,Snack Foods
Nationeel Corn Chips,Snack Foods
Nationeel Low Fat BBQ Chips,Snack Foods
Nationeel Sugar Cookies,Snack Foods
Nationeel Chocolate Chip Cookies,Snack Foods
Nationeel Fudge Cookies,Snack Foods
Nationeel Fudge Brownies,Snack Foods
Nationeel Potato Chips,Snack Foods
Nationeel Lemon Cookies,Snack Foods
Nationeel Graham Crackers,Snack Foods
Nationeel Cheese Crackers,Snack Foods
Nationeel Buttered Popcorn,Snack Foods
Nationeel No Salt Popcorn,Snack Foods
Nationeel Low Fat Popcorn,Snack Foods
Nationeel Salsa Dip,Snack Foods
Nationeel Avocado Dip,Snack Foods
Nationeel Salted Pretzels,Snack Foods
Nationeel Cheese Dip,Snack Foods
Nationeel Fondue Mix,Snack Foods
Nationeel Mini Donuts,Snack Foods
Nationeel Beef Jerky,Snack Foods
Nationeel Chocolate Donuts,Snack Foods
Nationeel Low Fat Chips,Snack Foods
Nationeel Sesame Crackers,Snack Foods
Nationeel Frosted Cookies,Snack Foods
Nationeel Dried Apples,Snack Foods
Nationeel Apple Fruit Roll,Snack Foods
Nationeel Strawberry Fruit Roll,Snack Foods
Nationeel Raspberry Fruit Roll,Snack Foods
Nationeel Grape Fruit Roll,Snack Foods
Nationeel Dried Dates,Snack Foods
Nationeel Raisins,Snack Foods
Nationeel Golden Raisins,Snack Foods
Nationeel Dried Apricots,Snack Foods
Nationeel Frosted Donuts,Snack Foods
Thresher Tasty Candy Bar,Candy
Thresher Mint Chocolate Bar,Candy
Thresher Malted Milk Balls,Candy
Thresher Semi-Sweet Chocolate Bar,Candy
Thresher Bubble Gum,Candy
Thresher Spicy Mints,Candy
Thresher Mints,Candy
Thresher White Chocolate Bar,Candy
Monarch Ravioli,Starchy Foods
Monarch Manicotti,Starchy Foods
Monarch Spaghetti,Starchy Foods
Monarch Thai Rice,Starchy Foods
Monarch Rice Medly,Starchy Foods
Discover Ravioli,Starchy Foods
Discover Manicotti,Starchy Foods
Discover Spaghetti,Starchy Foods
Discover Thai Rice,Starchy Foods
Discover Rice Medly,Starchy Foods
Pearl Imported Beer,Beer and Wine
Pearl Light Wine,Beer and Wine
Pearl Chardonnay Wine,Beer and Wine
Pearl Chablis Wine,Beer and Wine
Pearl Merlot Wine,Beer and Wine
Pearl Chardonnay,Beer and Wine
Pearl White Zinfandel Wine,Beer and Wine
Pearl Light Beer,Beer and Wine
Fantastic Pumpernickel Bread,Bread
Fantastic White Bread,Bread
Fantastic Rye Bread,Bread
Fantastic English Muffins,Bread
Fantastic Cranberry Muffins,Bread
Fantastic Muffins,Bread
Fantastic Bagels,Bread
Fantastic Blueberry Muffins,Bread
Fantastic Wheat Bread,Bread
BBB Best Sesame Oil,Baking Goods
BBB Best Chunky Peanut Butter,Jams and Jellies
BBB Best Hot Chocolate,Hot Beverages
BBB Best Brown Sugar,Baking Goods
BBB Best White Sugar,Baking Goods
BBB Best French Roast Coffee,Hot Beverages
BBB Best Decaf Coffee,Hot Beverages
BBB Best Regular Coffee,Hot Beverages
BBB Best Vegetable Oil,Baking Goods
BBB Best Corn Oil,Baking Goods
BBB Best Tomato Sauce,Baking Goods
BBB Best Canola Oil,Baking Goods
BBB Best Grape Preserves,Jams and Jellies
BBB Best Columbian Coffee,Hot Beverages
BBB Best Strawberry Jelly,Jams and Jellies
BBB Best Pepper,Baking Goods
BBB Best Low Fat Apple Butter,Jams and Jellies
BBB Best Salt,Baking Goods
BBB Best Apple Butter,Jams and Jellies
BBB Best Oregano,Baking Goods
BBB Best Apple Jelly,Jams and Jellies
BBB Best Grape Jam,Jams and Jellies
BBB Best Apple Jam,Jams and Jellies
BBB Best Strawberry Jam,Jams and Jellies
BBB Best Creamy Peanut Butter,Jams and Jellies
BBB Best Strawberry Preserves,Jams and Jellies
BBB Best Extra Chunky Peanut Butter,Jams and Jellies
BBB Best Apple Preserves,Jams and Jellies
BBB Best Grape Jelly,Jams and Jellies
Fabulous Berry Juice,Pure Juice Beverages
Fabulous Mango Drink,Drinks
Fabulous Strawberry Drink,Drinks
Fabulous Cream Soda,Carbonated Beverages
Fabulous Diet Soda,Carbonated Beverages
Fabulous Cola,Carbonated Beverages
Fabulous Diet Cola,Carbonated Beverages
Fabulous Orange Juice,Pure Juice Beverages
Fabulous Cranberry Juice,Pure Juice Beverages
Fabulous Apple Juice,Pure Juice Beverages
Fabulous Apple Drink,Drinks
Special Oatmeal,Breakfast Foods
Special Corn Puffs,Breakfast Foods
Special Wheat Puffs,Breakfast Foods
Special Grits,Breakfast Foods
Just Right Canned Beets,Vegetables
Just Right Creamed Corn,Vegetables
Just Right Canned String Beans,Vegetables
Just Right Chicken Soup,Canned Soup
Just Right Canned Yams,Vegetables
Just Right Vegetable Soup,Canned Soup
Just Right Canned Tomatos,Vegetables
Just Right Noodle Soup,Canned Soup
Just Right Regular Ramen Soup,Canned Soup
Just Right Chicken Noodle Soup,Canned Soup
Just Right Turkey Noodle Soup,Canned Soup
Just Right Beef Soup,Canned Soup
Just Right Canned Peas,Vegetables
Just Right Chicken Ramen Soup,Canned Soup
Just Right Canned Tuna in Water,Canned Tuna
Just Right Canned Tuna in Oil,Canned Tuna
Just Right Large Canned Shrimp,Canned Shrimp
Just Right Fancy Canned Anchovies,Canned Anchovies
Just Right Fancy Canned Clams,Canned Clams
Just Right Fancy Canned Oysters,Canned Oysters
Just Right Fancy Canned Sardines,Canned Sardines
Just Right Rice Soup,Canned Soup
Big City Canned Mixed Fruit,Fruit
Big City Canned Peaches,Fruit
Symphony Rosy Sunglasses,Specialty
James Bay Eyeglass Screwdriver,Hardware
James Bay City Map,Miscellaneous
Even Better Low Fat Cottage Cheese,Dairy
Even Better Low Fat Sour Cream,Dairy
Even Better Sour Cream,Dairy
Even Better Jack Cheese,Dairy
Even Better Muenster Cheese,Dairy
Even Better String Cheese,Dairy
Even Better Low Fat String Cheese,Dairy
Even Better Havarti Cheese,Dairy
Even Better Head Cheese,Dairy
Even Better Cheese Spread,Dairy
Even Better Sharp Cheddar Cheese,Dairy
Even Better Mild Cheddar Cheese,Dairy
Even Better Large Curd Cottage Cheese,Dairy
Even Better 2% Milk,Dairy
Even Better Buttermilk,Dairy
Even Better Chocolate Milk,Dairy
Even Better 1% Milk,Dairy
Even Better Whole Milk,Dairy
Even Better Strawberry Yogurt,Dairy
Even Better Blueberry Yogurt,Dairy
American Chicken Hot Dogs,Meat
American Pimento Loaf,Meat
American Beef Bologna,Meat
American Low Fat Bologna,Meat
American Turkey Hot Dogs,Meat
American Foot-Long Hot Dogs,Meat
American Low Fat Cole Slaw,Side Dishes
American Cole Slaw,Side Dishes
American Roasted Chicken,Meat
American Corned Beef,Meat
American Sliced Turkey,Meat
American Sliced Ham,Meat
American Potato Salad,Side Dishes
American Sliced Chicken,Meat
National Small Brown Eggs,Eggs
National Large Brown Eggs,Eggs
National Small Eggs,Eggs
National Large Eggs,Eggs
National Egg Substitute,Eggs
PigTail Low Fat Waffles,Breakfast Foods
PigTail Orange Popsicles,Frozen Desserts
PigTail Frozen Chicken Breast,Meat
PigTail Frozen Pancakes,Breakfast Foods
PigTail Low Fat French Fries,Vegetables
PigTail Frozen Sausage Pizza,Pizza
PigTail Blueberry Waffles,Breakfast Foods
PigTail Fajita French Fries,Vegetables
PigTail Waffles,Breakfast Foods
PigTail Frozen Pepperoni Pizza,Pizza
PigTail Frozen Cheese Pizza,Pizza
PigTail Frozen Mushroom Pizza,Pizza
PigTail Apple Cinnamon Waffles,Breakfast Foods
PigTail Frozen Carrots,Vegetables
PigTail Turkey TV Dinner,Frozen Entrees
PigTail Chicken TV Dinner,Frozen Entrees
PigTail Beef TV Dinner,Frozen Entrees
PigTail Pancake Mix,Breakfast Foods
PigTail Grape Popsicles,Frozen Desserts
PigTail Home Style French Fries,Vegetables
PigTail Lime Popsicles,Frozen Desserts
PigTail Ice Cream,Frozen Desserts
PigTail Ice Cream Sandwich,Frozen Desserts
PigTail Frozen Cauliflower,Vegetables
PigTail Frozen Broccoli,Vegetables
PigTail Frozen Corn,Vegetables
PigTail Frozen Peas,Vegetables
PigTail Popsicles,Frozen Desserts
PigTail Frozen Chicken Thighs,Meat
PigTail Frozen Chicken Wings,Meat
PigTail Lemon Popsicles,Frozen Desserts
Bird Call Silky Smooth Hair Conditioner,Bathroom Products
Bird Call Tartar Control Toothpaste,Hygiene
Bird Call Whitening Toothpast,Hygiene
Bird Call Toothpaste,Hygiene
Bird Call Deodorant,Hygiene
Bird Call Conditioning Shampoo,Bathroom Products
Bird Call Extra Moisture Shampoo,Bathroom Products
Bird Call Angled Toothbrush,Bathroom Products
Bird Call Apricot Shampoo,Bathroom Products
Bird Call Childrens Aspirin,Pain Relievers
Bird Call Buffered Aspirin,Pain Relievers
Bird Call 200 MG Ibuprofen,Pain Relievers
Bird Call 200 MG Acetominifen,Pain Relievers
Bird Call HCL Nasal Spray,Decongestants
Bird Call Dishwasher Detergent,Decongestants
Bird Call Multi-Symptom Cold Remedy,Cold Remedies
Bird Call Childrens Cold Remedy,Cold Remedies
Bird Call Laundry Detergent,Bathroom Products
Bird Call Mint Mouthwash,Bathroom Products
High Quality 60 Watt Lightbulb,Electrical
High Quality Plastic Forks,Plastic Products
High Quality Plastic Spoons,Plastic Products
High Quality Plastic Knives,Plastic Products
High Quality C-Size Batteries,Electrical
High Quality 100 Watt Lightbulb,Electrical
High Quality AAA-Size Batteries,Electrical
High Quality Paper Plates,Paper Products
High Quality Paper Cups,Paper Products
High Quality 75 Watt Lightbulb,Electrical
High Quality Toilet Bowl Cleaner,Cleaning Supplies
High Quality Counter Cleaner,Cleaning Supplies
High Quality Glass Cleaner,Cleaning Supplies
High Quality 25 Watt Lightbulb,Electrical
High Quality AA-Size Batteries,Electrical
High Quality D-Size Batteries,Electrical
High Quality Paper Towels,Paper Products
High Quality Soft Napkins,Paper Products
High Quality Scented Tissue,Paper Products
High Quality Toilet Paper,Paper Products
High Quality Tissues,Paper Products
High Quality Scented Toilet Tissue,Paper Products
High Quality Room Freshener,Cleaning Supplies
High Quality Frying Pan,Kitchen Products
High Quality Copper Cleaner,Kitchen Products
High Quality Bees Wax Candles,Candles
High Quality Silver Cleaner,Kitchen Products
High Quality Copper Pot Scrubber,Kitchen Products
High Quality Economy Toilet Brush,Bathroom Products
High Quality Scissors,Hardware
High Quality Large Sponge,Kitchen Products
High Quality Screw Driver,Hardware
Genteel Extra Lean Hamburger,Meat
Genteel Seasoned Hamburger,Meat
Mighty Good Monthly Sports Magazine,Magazines
Mighty Good Monthly Auto Magazine,Magazines
Mighty Good Monthly Computer Magazine,Magazines
Mighty Good Monthly Home Magazine,Magazines
Mighty Good Monthly Fashion Magazine,Magazines
Tri-State Summer Squash,Vegetables
Tri-State Corn on the Cob,Vegetables
Tri-State Asparagus,Vegetables
Tri-State Sweet Peas,Vegetables
Tri-State New Potatos,Vegetables
Tri-State Beets,Vegetables
Tri-State Prepared Salad,Vegetables
Tri-State Onions,Vegetables
Tri-State Green Pepper,Vegetables
Tri-State Shitake Mushrooms,Vegetables
Tri-State Lettuce,Vegetables
Tri-State Elephant Garlic,Vegetables
Tri-State Red Pepper,Vegetables
Tri-State Garlic,Vegetables
Tri-State Potatos,Vegetables
Tri-State Cauliflower,Vegetables
Tri-State Tomatos,Vegetables
Tri-State Mushrooms,Vegetables
Tri-State Baby Onion,Vegetables
Tri-State Dried Mushrooms,Vegetables
Tri-State Fresh Lima Beans,Vegetables
Tri-State Squash,Vegetables
Tri-State Limes,Fruit
Tri-State Firm Tofu,Packaged Vegetables
Tri-State Almonds,Specialty
Tri-State Macintosh Apples,Fruit
Tri-State Golden Delcious Apples,Fruit
Tri-State Red Delcious Apples,Fruit
Tri-State Lemons,Fruit
Tri-State Fancy Plums,Fruit
Tri-State Plums,Fruit
Tri-State Peaches,Fruit
Tri-State Broccoli,Vegetables
Tri-State Mandarin Oranges,Fruit
Tri-State Mixed Nuts,Specialty
Tri-State Canned Peanuts,Specialty
Tri-State Sweet Onion,Vegetables
Tri-State Cantelope,Fruit
Tri-State Honey Dew,Fruit
Tri-State Fuji Apples,Fruit
Tri-State Walnuts,Specialty
Tri-State Oranges,Fruit
Tri-State Tangerines,Fruit
Tri-State Party Nuts,Specialty
Dual City Lox,Seafood
Dual City Scallops,Seafood
Horatio Low Fat Cookies,Snack Foods
Horatio BBQ Potato Chips,Snack Foods
Horatio Corn Chips,Snack Foods
Horatio Low Fat BBQ Chips,Snack Foods
Horatio Sugar Cookies,Snack Foods
Horatio Chocolate Chip Cookies,Snack Foods
Horatio Fudge Cookies,Snack Foods
Horatio Fudge Brownies,Snack Foods
Horatio Potato Chips,Snack Foods
Horatio Lemon Cookies,Snack Foods
Horatio Graham Crackers,Snack Foods
Horatio Cheese Crackers,Snack Foods
Horatio Buttered Popcorn,Snack Foods
Horatio No Salt Popcorn,Snack Foods
Horatio Low Fat Popcorn,Snack Foods
Horatio Salsa Dip,Snack Foods
Horatio Avocado Dip,Snack Foods
Horatio Salted Pretzels,Snack Foods
Horatio Cheese Dip,Snack Foods
Horatio Fondue Mix,Snack Foods
Horatio Mini Donuts,Snack Foods
Horatio Beef Jerky,Snack Foods
Horatio Chocolate Donuts,Snack Foods
Horatio Low Fat Chips,Snack Foods
Horatio Sesame Crackers,Snack Foods
Horatio Frosted Cookies,Snack Foods
Horatio Dried Apples,Snack Foods
Horatio Apple Fruit Roll,Snack Foods
Horatio Strawberry Fruit Roll,Snack Foods
Horatio Raspberry Fruit Roll,Snack Foods
Horatio Grape Fruit Roll,Snack Foods
Horatio Dried Dates,Snack Foods
Horatio Raisins,Snack Foods
Horatio Golden Raisins,Snack Foods
Horatio Dried Apricots,Snack Foods
Horatio Frosted Donuts,Snack Foods
Musial Tasty Candy Bar,Candy
Musial Mint Chocolate Bar,Candy
Musial Malted Milk Balls,Candy
Musial Semi-Sweet Chocolate Bar,Candy
Musial Bubble Gum,Candy
Musial Spicy Mints,Candy
Musial Mints,Candy
Musial White Chocolate Bar,Candy
Colossal Ravioli,Starchy Foods
Colossal Manicotti,Starchy Foods
Colossal Spaghetti,Starchy Foods
Colossal Thai Rice,Starchy Foods
Colossal Rice Medly,Starchy Foods
Portsmouth Imported Beer,Beer and Wine
Portsmouth Light Wine,Beer and Wine
Portsmouth Chardonnay Wine,Beer and Wine
Portsmouth Chablis Wine,Beer and Wine
Portsmouth Merlot Wine,Beer and Wine
Portsmouth Chardonnay,Beer and Wine
Portsmouth White Zinfandel Wine,Beer and Wine
Portsmouth Light Beer,Beer and Wine
Sphinx Pumpernickel Bread,Bread
Sphinx White Bread,Bread
Sphinx Rye Bread,Bread
Sphinx English Muffins,Bread
Sphinx Cranberry Muffins,Bread
Sphinx Muffins,Bread
Sphinx Bagels,Bread
Sphinx Blueberry Muffins,Bread
Sphinx Wheat Bread,Bread
Plato Sesame Oil,Baking Goods
Plato Chunky Peanut Butter,Jams and Jellies
Plato Hot Chocolate,Hot Beverages
Plato Brown Sugar,Baking Goods
Plato White Sugar,Baking Goods
Plato French Roast Coffee,Hot Beverages
Plato Decaf Coffee,Hot Beverages
Plato Regular Coffee,Hot Beverages
Plato Vegetable Oil,Baking Goods
Plato Corn Oil,Baking Goods
Plato Tomato Sauce,Baking Goods
Plato Canola Oil,Baking Goods
Plato Grape Preserves,Jams and Jellies
Plato Columbian Coffee,Hot Beverages
Plato Strawberry Jelly,Jams and Jellies
Plato Pepper,Baking Goods
Plato Low Fat Apple Butter,Jams and Jellies
Plato Salt,Baking Goods
Plato Apple Butter,Jams and Jellies
Plato Oregano,Baking Goods
Plato Apple Jelly,Jams and Jellies
Plato Grape Jam,Jams and Jellies
Plato Apple Jam,Jams and Jellies
Plato Strawberry Jam,Jams and Jellies
Plato Creamy Peanut Butter,Jams and Jellies
Plato Strawberry Preserves,Jams and Jellies
Plato Extra Chunky Peanut Butter,Jams and Jellies
Plato Apple Preserves,Jams and Jellies
Plato Grape Jelly,Jams and Jellies
Skinner Berry Juice,Pure Juice Beverages
Skinner Mango Drink,Drinks
Skinner Strawberry Drink,Drinks
Skinner Cream Soda,Carbonated Beverages
Skinner Diet Soda,Carbonated Beverages
Skinner Cola,Carbonated Beverages
Skinner Diet Cola,Carbonated Beverages
Skinner Orange Juice,Pure Juice Beverages
Skinner Cranberry Juice,Pure Juice Beverages
Skinner Apple Juice,Pure Juice Beverages
Skinner Apple Drink,Drinks
Johnson Oatmeal,Breakfast Foods
Johnson Corn Puffs,Breakfast Foods
Johnson Wheat Puffs,Breakfast Foods
Johnson Grits,Breakfast Foods
Pleasant Canned Beets,Vegetables
Pleasant Creamed Corn,Vegetables
Pleasant Canned String Beans,Vegetables
Pleasant Chicken Soup,Canned Soup
Pleasant Canned Yams,Vegetables
Pleasant Vegetable Soup,Canned Soup
Pleasant Canned Tomatos,Vegetables
Pleasant Noodle Soup,Canned Soup
Pleasant Regular Ramen Soup,Canned Soup
Pleasant Chicken Noodle Soup,Canned Soup
Pleasant Turkey Noodle Soup,Canned Soup
Pleasant Beef Soup,Canned Soup
Pleasant Canned Peas,Vegetables
Pleasant Chicken Ramen Soup,Canned Soup
Pleasant Canned Tuna in Water,Canned Tuna
Pleasant Canned Tuna in Oil,Canned Tuna
Pleasant Large Canned Shrimp,Canned Shrimp
Pleasant Fancy Canned Anchovies,Canned Anchovies
Pleasant Fancy Canned Clams,Canned Clams
Pleasant Fancy Canned Oysters,Canned Oysters
Pleasant Fancy Canned Sardines,Canned Sardines
Pleasant Rice Soup,Canned Soup
Toucan Canned Mixed Fruit,Fruit
Toucan Canned Peaches,Fruit
Toretti Rosy Sunglasses,Specialty
Framton Eyeglass Screwdriver,Hardware
Framton City Map,Miscellaneous
Booker Low Fat Cottage Cheese,Dairy
Booker Low Fat Sour Cream,Dairy
Booker Sour Cream,Dairy
Booker Jack Cheese,Dairy
Booker Muenster Cheese,Dairy
Booker String Cheese,Dairy
Booker Low Fat String Cheese,Dairy
Booker Havarti Cheese,Dairy
Booker Head Cheese,Dairy
Booker Cheese Spread,Dairy
Booker Sharp Cheddar Cheese,Dairy
Booker Mild Cheddar Cheese,Dairy
Booker Large Curd Cottage Cheese,Dairy
Booker 2% Milk,Dairy
Booker Buttermilk,Dairy
Booker Chocolate Milk,Dairy
Booker 1% Milk,Dairy
Booker Whole Milk,Dairy
Booker Strawberry Yogurt,Dairy
Booker Blueberry Yogurt,Dairy
Lake Chicken Hot Dogs,Meat
Lake Pimento Loaf,Meat
Lake Beef Bologna,Meat
Lake Low Fat Bologna,Meat
Lake Turkey Hot Dogs,Meat
Lake Foot-Long Hot Dogs,Meat
Lake Low Fat Cole Slaw,Side Dishes
Lake Cole Slaw,Side Dishes
Lake Roasted Chicken,Meat
Lake Corned Beef,Meat
Lake Sliced Turkey,Meat
Lake Sliced Ham,Meat
Lake Potato Salad,Side Dishes
Lake Sliced Chicken,Meat
Giant Small Brown Eggs,Eggs
Giant Large Brown Eggs,Eggs
Giant Small Eggs,Eggs
Giant Large Eggs,Eggs
Giant Egg Substitute,Eggs
Carrington Low Fat Waffles,Breakfast Foods
Carrington Orange Popsicles,Frozen Desserts
Carrington Frozen Chicken Breast,Meat
Carrington Frozen Pancakes,Breakfast Foods
Carrington Low Fat French Fries,Vegetables
Carrington Frozen Sausage Pizza,Pizza
Carrington Blueberry Waffles,Breakfast Foods
Carrington Fajita French Fries,Vegetables
Carrington Waffles,Breakfast Foods
Carrington Frozen Pepperoni Pizza,Pizza
Carrington Frozen Cheese Pizza,Pizza
Carrington Frozen Mushroom Pizza,Pizza
Carrington Apple Cinnamon Waffles,Breakfast Foods
Carrington Frozen Carrots,Vegetables
Carrington Turkey TV Dinner,Frozen Entrees
Carrington Chicken TV Dinner,Frozen Entrees
Carrington Beef TV Dinner,Frozen Entrees
Carrington Pancake Mix,Breakfast Foods
Carrington Grape Popsicles,Frozen Desserts
Carrington Home Style French Fries,Vegetables
Carrington Lime Popsicles,Frozen Desserts
Carrington Ice Cream,Frozen Desserts
Carrington Ice Cream Sandwich,Frozen Desserts
Carrington Frozen Cauliflower,Vegetables
Carrington Frozen Broccoli,Vegetables
Carrington Frozen Corn,Vegetables
Carrington Frozen Peas,Vegetables
Carrington Popsicles,Frozen Desserts
Carrington Frozen Chicken Thighs,Meat
Carrington Frozen Chicken Wings,Meat
Carrington Lemon Popsicles,Frozen Desserts
Hilltop Silky Smooth Hair Conditioner,Bathroom Products
Hilltop Tartar Control Toothpaste,Hygiene
Hilltop Whitening Toothpast,Hygiene
Hilltop Toothpaste,Hygiene
Hilltop Deodorant,Hygiene
Hilltop Conditioning Shampoo,Bathroom Products
Hilltop Extra Moisture Shampoo,Bathroom Products
Hilltop Angled Toothbrush,Bathroom Products
Hilltop Apricot Shampoo,Bathroom Products
Hilltop Childrens Aspirin,Pain Relievers
Hilltop Buffered Aspirin,Pain Relievers
Hilltop 200 MG Ibuprofen,Pain Relievers
Hilltop 200 MG Acetominifen,Pain Relievers
Hilltop HCL Nasal Spray,Decongestants
Hilltop Dishwasher Detergent,Decongestants
Hilltop Multi-Symptom Cold Remedy,Cold Remedies
Hilltop Childrens Cold Remedy,Cold Remedies
Hilltop Laundry Detergent,Bathroom Products
Hilltop Mint Mouthwash,Bathroom Products
Sunset 60 Watt Lightbulb,Electrical
Sunset Plastic Forks,Plastic Products
Sunset Plastic Spoons,Plastic Products
Sunset Plastic Knives,Plastic Products
Sunset C-Size Batteries,Electrical
Sunset 100 Watt Lightbulb,Electrical
Sunset AAA-Size Batteries,Electrical
Sunset Paper Plates,Paper Products
Sunset Paper Cups,Paper Products
Sunset 75 Watt Lightbulb,Electrical
Sunset Toilet Bowl Cleaner,Cleaning Supplies
Sunset Counter Cleaner,Cleaning Supplies
Sunset Glass Cleaner,Cleaning Supplies
Sunset 25 Watt Lightbulb,Electrical
Sunset AA-Size Batteries,Electrical
Sunset D-Size Batteries,Electrical
Sunset Paper Towels,Paper Products
Sunset Soft Napkins,Paper Products
Sunset Scented Tissue,Paper Products
Sunset Toilet Paper,Paper Products
Sunset Tissues,Paper Products
Fort West Salsa Dip,Snack Foods
Sunset Scented Toilet Tissue,Paper Products
Sunset Room Freshener,Cleaning Supplies
Sunset Frying Pan,Kitchen Products
Sunset Copper Cleaner,Kitchen Products
Sunset Bees Wax Candles,Candles
Sunset Silver Cleaner,Kitchen Products
Sunset Copper Pot Scrubber,Kitchen Products
Sunset Economy Toilet Brush,Bathroom Products
Sunset Scissors,Hardware
Sunset Large Sponge,Kitchen Products
Sunset Screw Driver,Hardware
Gerolli Extra Lean Hamburger,Meat
Gerolli Seasoned Hamburger,Meat
Gauss Monthly Sports Magazine,Magazines
Gauss Monthly Auto Magazine,Magazines
Gauss Monthly Computer Magazine,Magazines
Gauss Monthly Home Magazine,Magazines
Gauss Monthly Fashion Magazine,Magazines
Hermanos Summer Squash,Vegetables
Hermanos Corn on the Cob,Vegetables
Hermanos Asparagus,Vegetables
Hermanos Sweet Peas,Vegetables
Hermanos New Potatos,Vegetables
Hermanos Beets,Vegetables
Hermanos Prepared Salad,Vegetables
Hermanos Onions,Vegetables
Hermanos Green Pepper,Vegetables
Hermanos Shitake Mushrooms,Vegetables
Hermanos Lettuce,Vegetables
Hermanos Elephant Garlic,Vegetables
Hermanos Red Pepper,Vegetables
Hermanos Garlic,Vegetables
Hermanos Potatos,Vegetables
Hermanos Cauliflower,Vegetables
Hermanos Tomatos,Vegetables
Hermanos Mushrooms,Vegetables
Hermanos Baby Onion,Vegetables
Hermanos Dried Mushrooms,Vegetables
Hermanos Fresh Lima Beans,Vegetables
Hermanos Squash,Vegetables
Hermanos Limes,Fruit
Hermanos Firm Tofu,Packaged Vegetables
Hermanos Almonds,Specialty
Hermanos Macintosh Apples,Fruit
Hermanos Golden Delcious Apples,Fruit
Hermanos Red Delcious Apples,Fruit
Hermanos Lemons,Fruit
Hermanos Fancy Plums,Fruit
Hermanos Plums,Fruit
Hermanos Peaches,Fruit
Hermanos Broccoli,Vegetables
Hermanos Mandarin Oranges,Fruit
Hermanos Mixed Nuts,Specialty
Hermanos Canned Peanuts,Specialty
Hermanos Sweet Onion,Vegetables
Hermanos Cantelope,Fruit
Hermanos Honey Dew,Fruit
Hermanos Fuji Apples,Fruit
Hermanos Walnuts,Specialty
Hermanos Oranges,Fruit
Hermanos Tangerines,Fruit
Hermanos Party Nuts,Specialty
Amigo Lox,Seafood
Amigo Scallops,Seafood
Fort West Low Fat Cookies,Snack Foods
Fort West BBQ Potato Chips,Snack Foods
Fort West Corn Chips,Snack Foods
Fort West Low Fat BBQ Chips,Snack Foods
Fort West Sugar Cookies,Snack Foods
Fort West Chocolate Chip Cookies,Snack Foods
Fort West Fudge Cookies,Snack Foods
Fort West Fudge Brownies,Snack Foods
Fort West Potato Chips,Snack Foods
Fort West Lemon Cookies,Snack Foods
Fort West Graham Crackers,Snack Foods
Fort West Cheese Crackers,Snack Foods
Fort West Buttered Popcorn,Snack Foods
Fort West No Salt Popcorn,Snack Foods
Fort West Low Fat Popcorn,Snack Foods
Fort West Avocado Dip,Snack Foods
Fort West Salted Pretzels,Snack Foods
Fort West Cheese Dip,Snack Foods
Fort West Fondue Mix,Snack Foods
Fort West Mini Donuts,Snack Foods
Fort West Beef Jerky,Snack Foods
Fort West Chocolate Donuts,Snack Foods
Fort West Low Fat Chips,Snack Foods
Fort West Sesame Crackers,Snack Foods
Fort West Frosted Cookies,Snack Foods
Fort West Dried Apples,Snack Foods
Fort West Apple Fruit Roll,Snack Foods
Fort West Strawberry Fruit Roll,Snack Foods
Fort West Raspberry Fruit Roll,Snack Foods
Fort West Grape Fruit Roll,Snack Foods
Fort West Dried Dates,Snack Foods
Fort West Raisins,Snack Foods
Fort West Golden Raisins,Snack Foods
Fort West Dried Apricots,Snack Foods
Fort West Frosted Donuts,Snack Foods
Gulf Coast Tasty Candy Bar,Candy
Gulf Coast Mint Chocolate Bar,Candy
Gulf Coast Malted Milk Balls,Candy
Gulf Coast Semi-Sweet Chocolate Bar,Candy
Gulf Coast Bubble Gum,Candy
Gulf Coast Spicy Mints,Candy
Gulf Coast Mints,Candy
Gulf Coast White Chocolate Bar,Candy
Jardon Ravioli,Starchy Foods
Jardon Manicotti,Starchy Foods
Jardon Spaghetti,Starchy Foods
Jardon Thai Rice,Starchy Foods
Jardon Rice Medly,Starchy Foods
Top Measure Imported Beer,Beer and Wine
Top Measure Light Wine,Beer and Wine
Top Measure Chardonnay Wine,Beer and Wine
Top Measure Chablis Wine,Beer and Wine
Top Measure Merlot Wine,Beer and Wine
Top Measure Chardonnay,Beer and Wine
Top Measure White Zinfandel Wine,Beer and Wine
Top Measure Light Beer,Beer and Wine
Modell Pumpernickel Bread,Bread
Modell White Bread,Bread
Modell Rye Bread,Bread
Modell English Muffins,Bread
Modell Cranberry Muffins,Bread
Modell Muffins,Bread
Modell Bagels,Bread
Modell Blueberry Muffins,Bread
Modell Wheat Bread,Bread
CDR Sesame Oil,Baking Goods
CDR Chunky Peanut Butter,Jams and Jellies
CDR Hot Chocolate,Hot Beverages
CDR Brown Sugar,Baking Goods
CDR White Sugar,Baking Goods
CDR French Roast Coffee,Hot Beverages
CDR Decaf Coffee,Hot Beverages
CDR Regular Coffee,Hot Beverages
CDR Vegetable Oil,Baking Goods
CDR Corn Oil,Baking Goods
CDR Tomato Sauce,Baking Goods
CDR Canola Oil,Baking Goods
CDR Grape Preserves,Jams and Jellies
CDR Columbian Coffee,Hot Beverages
CDR Strawberry Jelly,Jams and Jellies
CDR Pepper,Baking Goods
CDR Low Fat Apple Butter,Jams and Jellies
CDR Salt,Baking Goods
CDR Apple Butter,Jams and Jellies
CDR Oregano,Baking Goods
CDR Apple Jelly,Jams and Jellies
CDR Grape Jam,Jams and Jellies
CDR Apple Jam,Jams and Jellies
CDR Strawberry Jam,Jams and Jellies
CDR Creamy Peanut Butter,Jams and Jellies
CDR Strawberry Preserves,Jams and Jellies
CDR Extra Chunky Peanut Butter,Jams and Jellies
CDR Apple Preserves,Jams and Jellies
CDR Grape Jelly,Jams and Jellies
Pure Juice Beverages,Juice
Drinks,Flavored Drinks
Carbonated Beverages,Soda
Breakfast Foods,Cereal
Vegetables,Canned Vegetables
Canned Soup,Soup
Canned Tuna,Tuna
Canned Shrimp,Shrimp
Canned Anchovies,Anchovies
Canned Clams,Clams
Canned Oysters,Oysters
Canned Sardines,Sardines
Fruit,Canned Fruit
Specialty,Sunglasses
Hardware,Screwdrivers
Miscellaneous,Maps
Dairy,Cottage Cheese
Dairy,Sour Cream
Dairy,Cheese
Dairy,Milk
Dairy,Yogurt
Meat,Hot Dogs
Meat,Bologna
Side Dishes,Deli Salads
Meat,Fresh Chicken
Meat,Deli Meats
Eggs,Eggs
Breakfast Foods,Waffles
Frozen Desserts,Popsicles
Meat,Frozen Chicken
Breakfast Foods,Pancakes
Vegetables,French Fries
Pizza,Pizza
Vegetables,Frozen Vegetables
Frozen Entrees,TV Dinner
Breakfast Foods,Pancake Mix
Frozen Desserts,Ice Cream
Bathroom Products,Conditioner
Hygiene,Personal Hygiene
Bathroom Products,Shampoo
Bathroom Products,Toothbrushes
Pain Relievers,Aspirin
Pain Relievers,Ibuprofen
Pain Relievers,Acetominifen
Decongestants,Nasal Sprays
Cold Remedies,Cold Remedies
Bathroom Products,Mouthwash
Electrical,Lightbulbs
Plastic Products,Plastic Utensils
Electrical,Batteries
Paper Products,Paper Dishes
Cleaning Supplies,Cleaners
Paper Products,Paper Wipes
Cleaning Supplies,Deodorizers
Kitchen Products,Pots and Pans
Kitchen Products,Pot Cleaners
Candles,Candles
Kitchen Products,Pot Scrubbers
Bathroom Products,Toilet Brushes
Hardware,Tools
Kitchen Products,Sponges
Meat,Hamburger
Magazines,Sports Magazines
Magazines,Auto Magazines
Magazines,Computer Magazines
Magazines,Home Magazines
Magazines,Fashion Magazines
Vegetables,Fresh Vegetables
Fruit,Fresh Fruit
Packaged Vegetables,Tofu
Specialty,Nuts
Seafood,Fresh Fish
Seafood,Shellfish
Snack Foods,Cookies
Snack Foods,Chips
Snack Foods,Crackers
Snack Foods,Popcorn
Snack Foods,Dips
Snack Foods,Pretzels
Snack Foods,Donuts
Snack Foods,Dried Meat
Snack Foods,Dried Fruit
Candy,Chocolate Candy
Candy,Gum
Candy,Hard Candy
Starchy Foods,Pasta
Starchy Foods,Rice
Beer and Wine,Beer
Beer and Wine,Wine
Bread,Sliced Bread
Bread,Muffins
Bread,Bagels
Baking Goods,Cooking Oil
Jams and Jellies,Peanut Butter
Hot Beverages,Chocolate
Baking Goods,Sugar
Hot Beverages,Coffee
Baking Goods,Sauces
Jams and Jellies,Preserves
Jams and Jellies,Jelly
Baking Goods,Spices
Jams and Jellies,Jam
Juice,Drink
Flavored Drinks,Drink
Soda,Drink
Cereal,Food
Canned Vegetables,Food
Soup,Food
Tuna,Food
Shrimp,Food
Anchovies,Food
Clams,Food
Oysters,Food
Sardines,Food
Canned Fruit,Food
Sunglasses,Non-Consumable
Screwdrivers,Non-Consumable
Maps,Non-Consumable
Cottage Cheese,Food
Sour Cream,Food
Cheese,Food
Milk,Drink
Yogurt,Food
Hot Dogs,Food
Bologna,Food
Deli Salads,Food
Fresh Chicken,Food
Deli Meats,Food
Eggs,Food
Waffles,Food
Popsicles,Food
Frozen Chicken,Food
Pancakes,Food
French Fries,Food
Pizza,Food
Frozen Vegetables,Food
TV Dinner,Food
Pancake Mix,Food
Ice Cream,Food
Conditioner,Non-Consumable
Personal Hygiene,Non-Consumable
Shampoo,Non-Consumable
Toothbrushes,Non-Consumable
Aspirin,Non-Consumable
Ibuprofen,Non-Consumable
Acetominifen,Non-Consumable
Nasal Sprays,Non-Consumable
Cold Remedies,Non-Consumable
Mouthwash,Non-Consumable
Lightbulbs,Non-Consumable
Plastic Utensils,Non-Consumable
Batteries,Non-Consumable
Paper Dishes,Non-Consumable
Cleaners,Non-Consumable
Paper Wipes,Non-Consumable
Deodorizers,Non-Consumable
Pots and Pans,Non-Consumable
Pot Cleaners,Non-Consumable
Candles,Non-Consumable
Pot Scrubbers,Non-Consumable
Toilet Brushes,Non-Consumable
Tools,Non-Consumable
Sponges,Non-Consumable
Hamburger,Food
Sports Magazines,Non-Consumable
Auto Magazines,Non-Consumable
Computer Magazines,Non-Consumable
Home Magazines,Non-Consumable
Fashion Magazines,Non-Consumable
Fresh Vegetables,Food
Fresh Fruit,Food
Tofu,Food
Nuts,Food
Fresh Fish,Food
Shellfish,Food
Cookies,Food
Chips,Food
Crackers,Food
Popcorn,Food
Dips,Food
Pretzels,Food
Donuts,Food
Dried Meat,Food
Dried Fruit,Food
Chocolate Candy,Food
Gum,Food
Hard Candy,Food
Pasta,Food
Rice,Food
Beer,Drink
Wine,Drink
Sliced Bread,Food
Muffins,Food
Bagels,Food
Cooking Oil,Food
Peanut Butter,Food
Chocolate,Drink
Sugar,Food
Coffee,Drink
Sauces,Food
Preserves,Food
Jelly,Food
Spices,Food
Jam,Food
